Категория;Товар;Изображения;Бренд;Артикул
Мебель/Хромированная мебель/Подстолья;Альт;1_podstoljya_1_aljt.jpg;Delice;m-ch-001
Мебель/Хромированная мебель/Подстолья;Арфа;2_podstoljya_2_arfa.jpg;Delice;m-ch-002
Мебель/Хромированная мебель/Подстолья;Баллада;3_podstoljya_3_ballada.jpg;Delice;m-ch-003
Мебель/Хромированная мебель/Подстолья;Болеро;4_podstoljya_4_bolero.jpg;Delice;m-ch-004
Мебель/Хромированная мебель/Подстолья;Бравис-(2);5_podstoljya_5_bravis-(2).jpg;Delice;m-ch-005
Мебель/Хромированная мебель/Подстолья;Версаль;6_podstoljya_6_versalj.jpg;Delice;m-ch-006
Мебель/Хромированная мебель/Подстолья;Водевиль;7_podstoljya_7_vodevilj.jpg;Delice;m-ch-007
Мебель/Хромированная мебель/Подстолья;Вокал;8_podstoljya_8_vokal.jpg;Delice;m-ch-008
Мебель/Хромированная мебель/Подстолья;Диалог;9_podstoljya_9_dialog.jpg;Delice;m-ch-009
Мебель/Хромированная мебель/Подстолья;Квадро;10_podstoljya_10_kvadro.jpg;Delice;m-ch-010
Мебель/Хромированная мебель/Подстолья;Квартоль;11_podstoljya_11_kvartolj.jpg;Delice;m-ch-011
Мебель/Хромированная мебель/Подстолья;Клавир;12_podstoljya_12_klavir.jpg;Delice;m-ch-012
Мебель/Хромированная мебель/Подстолья;Ноктюрн;13_podstoljya_13_noktyurn.jpg;Delice;m-ch-013
Мебель/Хромированная мебель/Подстолья;Орган;14_podstoljya_14_organ.jpg;Delice;m-ch-014
Мебель/Хромированная мебель/Подстолья;Оркестр;15_podstoljya_15_orkestr.jpg;Delice;m-ch-015
Мебель/Хромированная мебель/Подстолья;Орфей-2;16_podstoljya_16_orfey-2.jpg;Delice;m-ch-016
Мебель/Хромированная мебель/Подстолья;Полонез;17_podstoljya_17_polonez.jpg;Delice;m-ch-017
Мебель/Хромированная мебель/Подстолья;Ритм;18_podstoljya_18_ritm.jpg;Delice;m-ch-018
Мебель/Хромированная мебель/Подстолья;САЛЮТ;19_podstoljya_19_salyut.jpg;Delice;m-ch-019
Мебель/Хромированная мебель/Подстолья;Серенада;20_podstoljya_20_serenada.jpg;Delice;m-ch-020
Мебель/Хромированная мебель/Подстолья;Трио;21_podstoljya_21_trio.jpg;Delice;m-ch-021
Мебель/Хромированная мебель/Подстолья;Тюльпан;22_podstoljya_22_tyuljpan.jpg;Delice;m-ch-022
Мебель/Хромированная мебель/Подстолья;Фортепиано;23_podstoljya_23_fortepiano.jpg;Delice;m-ch-023
Мебель/Хромированная мебель/Подстолья;Элегия;24_podstoljya_24_elegiya.jpg;Delice;m-ch-024
Мебель/Хромированная мебель/Подстолья;Этюд;25_podstoljya_25_etyud.jpg;Delice;m-ch-025
Мебель/Хромированная мебель/Прочее;Вешалка-Кварта;26_prochee_1_veshalka-kvarta.jpg;Delice;m-ch-026
Мебель/Хромированная мебель/Прочее;Вешалка-Лимба;27_prochee_2_veshalka-limba.jpg;Delice;m-ch-027
Мебель/Хромированная мебель/Прочее;Вешалка-Рапсодия;28_prochee_3_veshalka-rapsodiya.jpg;Delice;m-ch-028
Мебель/Хромированная мебель/Прочее;Вешалка-Регаль;29_prochee_4_veshalka-regalj.jpg;Delice;m-ch-029
Мебель/Хромированная мебель/Прочее;Вешалка-Фидель;30_prochee_5_veshalka-fidelj.jpg;Delice;m-ch-030
Мебель/Хромированная мебель/Прочее;Вешалка-Эстрада;31_prochee_6_veshalka-estrada.jpg;Delice;m-ch-031
Мебель/Хромированная мебель/Прочее;Диван;32_prochee_7_divan.jpg;Delice;m-ch-032
Мебель/Хромированная мебель/Прочее;Кресло;33_prochee_8_kreslo.jpg;Delice;m-ch-033
Мебель/Хромированная мебель/Прочее;Кровать-двухспальная;34_prochee_9_krovatj-dvuhspaljnaya.jpg;Delice;m-ch-034
Мебель/Хромированная мебель/Прочее;Кровать-односпальная;35_prochee_10_krovatj-odnospaljnaya.jpg;Delice;m-ch-035
Мебель/Хромированная мебель/Прочее;КУХОННЫЙ-УГОЛ-АНТРАКТ;36_prochee_11_kuhonnyy-ugol-antrakt.jpg;Delice;m-ch-036
Мебель/Хромированная мебель/Прочее;КУХОННЫЙ-УГОЛ-ВЕБЕР-111;37_prochee_12_kuhonnyy-ugol-veber-111.jpg;Delice;m-ch-037
Мебель/Хромированная мебель/Прочее;Кухонный-угол-ОБЕРТОН;38_prochee_13_kuhonnyy-ugol-oberton.jpg;Delice;m-ch-038
Мебель/Хромированная мебель/Прочее;КУХОННЫЙ-УГОЛ-ХИТ;39_prochee_14_kuhonnyy-ugol-hit.jpg;Delice;m-ch-039
Мебель/Хромированная мебель/Прочее;обувница-гармония;40_prochee_15_obuvnica-garmoniya.jpg;Delice;m-ch-040
Мебель/Хромированная мебель/Прочее;обувница-самба;41_prochee_16_obuvnica-samba.jpg;Delice;m-ch-041
Мебель/Хромированная мебель/Прочее;парта-школьная;42_prochee_17_parta-shkoljnaya.jpg;Delice;m-ch-042
Мебель/Хромированная мебель/Прочее;Скамья-Антракт;43_prochee_18_skamjya-antrakt.jpg;Delice;m-ch-043
Мебель/Хромированная мебель/Прочее;Скамья-Вебер;44_prochee_19_skamjya-veber.jpg;Delice;m-ch-044
Мебель/Хромированная мебель/Прочее;Скамья-Обертон;45_prochee_20_skamjya-oberton.jpg;Delice;m-ch-045
Мебель/Хромированная мебель/Прочее;Скамья-Хит;46_prochee_21_skamjya-hit.jpg;Delice;m-ch-046
Мебель/Хромированная мебель/Прочее;Стул-школьный;47_prochee_22_stul-shkoljnyy.jpg;Delice;m-ch-047
Мебель/Хромированная мебель/Прочее;Табурет-Лира;48_prochee_23_taburet-lira.jpg;Delice;m-ch-048
Мебель/Хромированная мебель/Столы;Арфа;49_stoly_1_arfa.jpg;Delice;m-ch-049
Мебель/Хромированная мебель/Столы;Баллада;50_stoly_2_ballada.jpg;Delice;m-ch-050
Мебель/Хромированная мебель/Столы;Баритон-(раздвижной)-1;51_stoly_3_bariton-(razdvizhnoy)-1.jpg;Delice;m-ch-051
Мебель/Хромированная мебель/Столы;Версаль;52_stoly_4_versalj.jpg;Delice;m-ch-052
Мебель/Хромированная мебель/Столы;Диалог-111;53_stoly_5_dialog-111.jpg;Delice;m-ch-053
Мебель/Хромированная мебель/Столы;Квадро;54_stoly_6_kvadro.jpg;Delice;m-ch-054
Мебель/Хромированная мебель/Столы;колорит-1;55_stoly_7_kolorit-1.jpg;Delice;m-ch-055
Мебель/Хромированная мебель/Столы;Набор-квартоль;56_stoly_8_nabor-kvartolj.jpg;Delice;m-ch-056
Мебель/Хромированная мебель/Столы;Опус-(пристенный)-2;57_stoly_9_opus-(pristennyy)-2.jpg;Delice;m-ch-057
Мебель/Хромированная мебель/Столы;Орган;58_stoly_10_organ.jpg;Delice;m-ch-058
Мебель/Хромированная мебель/Столы;Оркестр;59_stoly_11_orkestr.jpg;Delice;m-ch-059
Мебель/Хромированная мебель/Столы;Орфей 2;60_stoly_12_orfey_2.jpg;Delice;m-ch-060
Мебель/Хромированная мебель/Столы;Полонез;61_stoly_13_polonez.jpg;Delice;m-ch-061
Мебель/Хромированная мебель/Столы;Ритм;62_stoly_14_ritm.jpg;Delice;m-ch-062
Мебель/Хромированная мебель/Столы;Серенада;63_stoly_15_serenada.jpg;Delice;m-ch-063
Мебель/Хромированная мебель/Столы;СТЕКЛЯННЫЙ-СТОЛ-ОРГАН;64_stoly_16_steklyannyy-stol-organ.jpg;Delice;m-ch-064
Мебель/Хромированная мебель/Столы;стол--Болеро;65_stoly_17_stol--bolero.jpg;Delice;m-ch-065
Мебель/Хромированная мебель/Столы;стол-Альт2;66_stoly_18_stol-aljt2.jpg;Delice;m-ch-066
Мебель/Хромированная мебель/Столы;Стол-БЫЛИНА-ТАМБУРАТ;67_stoly_19_stol-bylina-tamburat.jpg;Delice;m-ch-067
Мебель/Хромированная мебель/Столы;стол-Водевиль;68_stoly_20_stol-vodevilj.jpg;Delice;m-ch-068
Мебель/Хромированная мебель/Столы;стол-Вокал;69_stoly_21_stol-vokal.jpg;Delice;m-ch-069
Мебель/Хромированная мебель/Столы;стол-Диалог;70_stoly_22_stol-dialog.jpg;Delice;m-ch-070
Мебель/Хромированная мебель/Столы;стол-Клавир;71_stoly_23_stol-klavir.jpg;Delice;m-ch-071
Мебель/Хромированная мебель/Столы;стол-Маэстро;72_stoly_24_stol-maestro.jpg;Delice;m-ch-072
Мебель/Хромированная мебель/Столы;стол-Ноктюрн;73_stoly_25_stol-noktyurn.jpg;Delice;m-ch-073
Мебель/Хромированная мебель/Столы;стол-Премьер;74_stoly_26_stol-premjer.jpg;Delice;m-ch-074
Мебель/Хромированная мебель/Столы;стол-Трио;75_stoly_27_stol-trio.jpg;Delice;m-ch-075
Мебель/Хромированная мебель/Столы;стол-Этюд;76_stoly_28_stol-etyud.jpg;Delice;m-ch-076
Мебель/Хромированная мебель/Столы;Тюльпан;77_stoly_29_tyuljpan.jpg;Delice;m-ch-077
Мебель/Хромированная мебель/Столы;Фортепиано-111;78_stoly_30_fortepiano-111.jpg;Delice;m-ch-078
Мебель/Хромированная мебель/Столы;Элегия;79_stoly_31_elegiya.jpg;Delice;m-ch-079
Мебель/Хромированная мебель/Столы;Этюд-2;80_stoly_32_etyud-2.jpg;Delice;m-ch-080
Мебель/Хромированная мебель/Стулья;Фагот;81_stuljya_1_fagot.jpg;Delice;m-ch-081
Мебель/Хромированная мебель/Стулья;унисон;82_stuljya_2_unison.jpg;Delice;m-ch-082
Мебель/Хромированная мебель/Стулья;увертюра-R;83_stuljya_3_uvertyura-r.jpg;Delice;m-ch-083
Мебель/Хромированная мебель/Стулья;увертюра;84_stuljya_4_uvertyura.jpg;Delice;m-ch-084
Мебель/Хромированная мебель/Стулья;ТЮЛЬПАН-Т;85_stuljya_5_tyuljpan-t.jpg;Delice;m-ch-085
Мебель/Хромированная мебель/Стулья;Тюльпан-М;86_stuljya_6_tyuljpan-m.jpg;Delice;m-ch-086
Мебель/Хромированная мебель/Стулья;ТЮЛЬПАН-А;87_stuljya_7_tyuljpan-a.jpg;Delice;m-ch-087
Мебель/Хромированная мебель/Стулья;трилогия-R;88_stuljya_8_trilogiya-r.jpg;Delice;m-ch-088
Мебель/Хромированная мебель/Стулья;трилогия;89_stuljya_9_trilogiya.jpg;Delice;m-ch-089
Мебель/Хромированная мебель/Стулья;Трель;90_stuljya_10_trelj.jpg;Delice;m-ch-090
Мебель/Хромированная мебель/Стулья;твист;91_stuljya_11_tvist.jpg;Delice;m-ch-091
Мебель/Хромированная мебель/Стулья;Стул-Фагот-R;92_stuljya_12_stul-fagot-r.jpg;Delice;m-ch-092
Мебель/Хромированная мебель/Стулья;Соната;93_stuljya_13_sonata.jpg;Delice;m-ch-093
Мебель/Хромированная мебель/Стулья;Октава;94_stuljya_14_oktava.jpg;Delice;m-ch-094
Мебель/Хромированная мебель/Стулья;НЮАНС;95_stuljya_15_nyuans.jpg;Delice;m-ch-095
Мебель/Хромированная мебель/Стулья;Миниатюра;96_stuljya_16_miniatyura.jpg;Delice;m-ch-096
Мебель/Хромированная мебель/Стулья;Либретто;97_stuljya_17_libretto.jpg;Delice;m-ch-097
Мебель/Хромированная мебель/Стулья;Легато;98_stuljya_18_legato.jpg;Delice;m-ch-098
Мебель/Хромированная мебель/Стулья;квинтет-R;99_stuljya_19_kvintet-r.jpg;Delice;m-ch-099
Мебель/Хромированная мебель/Стулья;квинтет;100_stuljya_20_kvintet.jpg;Delice;m-ch-100
Мебель/Хромированная мебель/Стулья;Квартет-М;101_stuljya_21_kvartet-m.jpg;Delice;m-ch-101
Мебель/Хромированная мебель/Стулья;квартет-R;102_stuljya_22_kvartet-r.jpg;Delice;m-ch-102
Мебель/Хромированная мебель/Стулья;квартет;103_stuljya_23_kvartet.jpg;Delice;m-ch-103
Мебель/Хромированная мебель/Стулья;дуэт;104_stuljya_24_duet.jpg;Delice;m-ch-104
Мебель/Хромированная мебель/Стулья;Дольче;105_stuljya_25_doljche.jpg;Delice;m-ch-105
Мебель/Хромированная мебель/Стулья;диез-R;106_stuljya_26_diez-r.jpg;Delice;m-ch-106
Мебель/Хромированная мебель/Стулья;диез;107_stuljya_27_diez.jpg;Delice;m-ch-107
Мебель/Хромированная мебель/Стулья;Дива;108_stuljya_28_diva.jpg;Delice;m-ch-108
Мебель/Хромированная мебель/Стулья;Джакозо;109_stuljya_29_dzhakozo.jpg;Delice;m-ch-109
Мебель/Хромированная мебель/Стулья;Грация;110_stuljya_30_graciya.jpg;Delice;m-ch-110
Мебель/Хромированная мебель/Стулья;гамма-R;111_stuljya_31_gamma-r.jpg;Delice;m-ch-111
Мебель/Хромированная мебель/Стулья;Гамма;112_stuljya_32_gamma.jpg;Delice;m-ch-112
Мебель/Хромированная мебель/Стулья;Виртуоз-3D;113_stuljya_33_virtuoz-3d.jpg;Delice;m-ch-113
Мебель/Хромированная мебель/Стулья;Виртуоз-2D;114_stuljya_34_virtuoz-2d.jpg;Delice;m-ch-114
Мебель/Хромированная мебель/Стулья;Блюз;115_stuljya_35_blyuz.jpg;Delice;m-ch-115
Мебель/Хромированная мебель/Стулья;Ариетта;116_stuljya_36_arietta.jpg;Delice;m-ch-116
Мебель/Хромированная мебель/Стулья барные;Фуриант;117_stuljya_barnye_1_furiant.jpg;Delice;m-ch-117
Мебель/Хромированная мебель/Стулья барные;Увертюра;118_stuljya_barnye_2_uvertyura.jpg;Delice;m-ch-118
Мебель/Хромированная мебель/Стулья барные;Стул-барный-Фламенко;119_stuljya_barnye_3_stul-barnyy-flamenko.jpg;Delice;m-ch-119
Мебель/Хромированная мебель/Стулья барные;стул-барный-Трилогия;120_stuljya_barnye_4_stul-barnyy-trilogiya.jpg;Delice;m-ch-120
Мебель/Хромированная мебель/Табуреты;Табурет-Фуга;121_taburety_1_taburet-fuga.jpg;Delice;m-ch-121
Мебель/Хромированная мебель/Табуреты;Табурет-Форте;122_taburety_2_taburet-forte.jpg;Delice;m-ch-122
Мебель/Хромированная мебель/Табуреты;Табурет-Фальцет-Т;123_taburety_3_taburet-faljcet-t.jpg;Delice;m-ch-123
Мебель/Хромированная мебель/Табуреты;Табурет-Фальцет;124_taburety_4_taburet-faljcet.jpg;Delice;m-ch-124
Мебель/Хромированная мебель/Табуреты;Табурет-Триоль;125_taburety_5_taburet-triolj.jpg;Delice;m-ch-125
Мебель/Хромированная мебель/Табуреты;Табурет-тенор;126_taburety_6_taburet-tenor.jpg;Delice;m-ch-126
Мебель/Хромированная мебель/Табуреты;Табурет-Сопрано;127_taburety_7_taburet-soprano.jpg;Delice;m-ch-127
Мебель/Хромированная мебель/Табуреты;Табурет-Соло;128_taburety_8_taburet-solo.jpg;Delice;m-ch-128
Мебель/Хромированная мебель/Табуреты;Табурет-Рондо;129_taburety_9_taburet-rondo.jpg;Delice;m-ch-129
Мебель/Хромированная мебель/Табуреты;Табурет-Престо;130_taburety_10_taburet-presto.jpg;Delice;m-ch-130
Мебель/Хромированная мебель/Табуреты;Табурет-Орфей;131_taburety_11_taburet-orfey.jpg;Delice;m-ch-131
Мебель/Хромированная мебель/Табуреты;Табурет-Овал;132_taburety_12_taburet-oval.jpg;Delice;m-ch-132
Мебель/Хромированная мебель/Табуреты;Табурет-Нота;133_taburety_13_taburet-nota.jpg;Delice;m-ch-133
Мебель/Хромированная мебель/Табуреты;Табурет-Мячик;134_taburety_14_taburet-myachik.jpg;Delice;m-ch-134
Мебель/Хромированная мебель/Табуреты;Табурет-Лира-Н;135_taburety_15_taburet-lira-n.jpg;Delice;m-ch-135
Мебель/Хромированная мебель/Табуреты;Табурет-Лира-К;136_taburety_16_taburet-lira-k.jpg;Delice;m-ch-136
Мебель/Хромированная мебель/Табуреты;Табурет-Лира;137_taburety_17_taburet-lira.jpg;Delice;m-ch-137
Мебель/Хромированная мебель/Табуреты;Табурет-Крест;138_taburety_18_taburet-krest.jpg;Delice;m-ch-138
Мебель/Хромированная мебель/Табуреты;Табурет-Канон;139_taburety_19_taburet-kanon.jpg;Delice;m-ch-139
Мебель/Хромированная мебель/Табуреты;Табурет-Бемоль;140_taburety_20_taburet-bemolj.jpg;Delice;m-ch-140
Мебель/Хромированная мебель/Табуреты;Табурет-Аккорд;141_taburety_21_taburet-akkord.jpg;Delice;m-ch-141
Мебель/Хромированная мебель/Табуреты;Детский-стул-В;142_taburety_22_detskiy-stul-v.jpg;Delice;m-ch-142
Мебель/Хромированная мебель/Табуреты;Детский-стул-А;143_taburety_23_detskiy-stul-a.jpg;Delice;m-ch-143
